SVSPP,COMNAME,SCINAME,FISH,PD,TL
0,UNCLASSIFIED FISH,UNIDENTIFIED FISH,Y,NA,3.2
1,ATLANTIC HAGFISH,MYXINE GLUTINOSA,Y,NA,3.2
2,SEA LAMPREY,PETROMYZON MARINUS,Y,NA,3.2
3,DUSKY SHARK,CARCHARHINUS OBSCURUS,Y,NA,3.2
4,ROUGHTAIL STINGRAY,DASYATIS CENTROURA,Y,NA,3.2
5,RAY AND SKATE UNCL,RAJIFORMES,Y,NA,4.2
6,BASKING SHARK,CETORHINUS MAXIMUS,Y,NA,3.2
7,BLACK DOGFISH,CENTROSCYLLIUM FABRICII,Y,NA,3.2
8,ROUGH SAGRE,ETMOPTERUS PRINCEPS,Y,NA,3.2
9,SANDBAR SHARK,CARCHARHINUS PLUMBEUS,Y,NA,4.2
11,SHARK UNCL,SELACHIMORPHA,Y,NA,4.2
12,SAND TIGER,CARCHARIAS TAURUS,Y,NA,3.2
13,SMOOTH DOGFISH,MUSTELUS CANIS,Y,D,3.7
14,CHAIN DOGFISH,SCYLIORHINUS RETIFER,Y,NA,3.2
15,SPINY DOGFISH,SQUALUS ACANTHIAS,Y,P,4.3
16,ATLANTIC ANGEL SHARK,SQUATINA DUMERIL,Y,NA,3.2
18,BLUNTNOSE STINGRAY,DASYATIS SAY,Y,NA,3.2
19,BULLNOSE RAY,MYLIOBATIS FREMINVILLEI,Y,NA,3.2
20,OCELLATE SKATES,RAJA ,Y,NA,3.5
21,ATLANTIC TORPEDO,TORPEDO NOBILIANA,Y,NA,3.2
22,BARNDOOR SKATE,DIPTURUS LAEVIS,Y,D,3.2
23,WINTER SKATE,LEUCORAJA OCELLATA,Y,D,3.7
24,CLEARNOSE SKATE,RAJA EGLANTERIA,Y,D,3.5
25,ROSETTE SKATE,LEUCORAJA GARMANI,Y,D,3.2
26,LITTLE SKATE,LEUCORAJA ERINACEA,Y,D,4
27,SMOOTH SKATE,MALACORAJA SENTA,Y,D,3.2
28,THORNY SKATE,AMBLYRAJA RADIATA,Y,D,3.7
29,SOUTHERN STINGRAY,DASYATIS AMERICANA,Y,NA,3.2
30,HERRING UNCL,CLUPEIDAE,Y,NA,3
31,ROUND HERRING,ETRUMEUS TERES,Y,P,3
32,ATLANTIC HERRING,CLUPEA HARENGUS,Y,P,3
33,ALEWIFE,ALOSA PSEUDOHARENGUS,Y,P,3
34,BLUEBACK HERRING,ALOSA AESTIVALIS,Y,P,3
35,AMERICAN SHAD,ALOSA SAPIDISSIMA,Y,P,3
36,ATLANTIC MENHADEN,BREVOORTIA TYRANNUS,Y,P,3
37,HICKORY SHAD,ALOSA MEDIOCRIS,Y,P,3
38,CAPELIN,MALLOTUS VILLOSUS,Y,P,3
39,SLICKHEADS,ALEPOCEPHALIDAE ,Y,NA,3
43,BAY ANCHOVY,ANCHOA MITCHILLI,Y,P,3
44,STRIPED ANCHOVY,ANCHOA HEPSETUS,Y,P,3
45,RAINBOW SMELT,OSMERUS MORDAX,Y,P,3
46,ATLANTIC ARGENTINE,ARGENTINA SILUS,Y,P,3
47,GREENEYE UNCL,CHLOROPHTHALMIDAE,Y,P,3
53,SPOTTED LANTERNFISH,MYCTOPHUM PUNCTATUM ,Y,P,3
54,HORNED LANTERNFISH,CERATOSCOPELUS MADERENSIS,Y,P,3
56,LANTERNFISH UNCL,MYCTOPHIDAE,Y,P,3
60,EEL UNCL,ANGUILLIFORMES,Y,D,3.2
63,CONGER EEL,CONGER OCEANICUS,Y,D,3.2
65,MARGINED SNAKE EEL,OPHICHTHUS CRUENTIFER,Y,D,3.2
66,SILVERSTRIPE HALFBEAK,HYPORHAMPHUS UNIFASCIATUS,Y,D,3
67,SLENDER SNIPE EEL,NEMICHTHYS SCOLOPACEUS,Y,D,3.2
68,FLAT NEEDLEFISH,ABLENNES HIANS,Y,D,3.2
69,OFFSHORE HAKE,MERLUCCIUS ALBIDUS,Y,D,4.1
70,BEARDLESS CODLING,GADELLA IMBERBIS,Y,NA,3.2
72,SILVER HAKE,MERLUCCIUS BILINEARIS,Y,P,4.3
73,ATLANTIC COD,GADUS MORHUA,Y,D,4.3
74,HADDOCK,MELANOGRAMMUS AEGLEFINUS,Y,D,4.3
75,POLLOCK,POLLACHIUS VIRENS,Y,D,4.3
76,WHITE HAKE,UROPHYCIS TENUIS,Y,D,4.3
77,RED HAKE,UROPHYCIS CHUSS,Y,D,4.3
78,SPOTTED HAKE,UROPHYCIS REGIA,Y,D,4.3
79,LONGFIN HAKE,UROPHYCIS CHESTERI,Y,D,4.3
80,HAKE UNCL,GADIDAE,Y,D,3.2
81,BLUE HAKE,ANTIMORA ROSTRATA,Y,D,3.2
82,METALLIC CODLING,PHYSICULUS FULVUS,Y,D,3.3
83,FOURBEARD ROCKLING,ENCHELYOPUS CIMBRIUS,Y,D,3.2
84,CUSK,BROSME BROSME,Y,D,4
86,HAKES,MERLUCCIUS ,Y,NA,3.2
87,CODLINGS,UROPHYCIS ,Y,NA,3.2
88,MORA UNCL,MORIDAE,Y,NA,3.1
90,GRENADIER UNCL,MACROURIDAE,Y,NA,3.2
91,MARLIN-SPIKE,NEZUMIA BAIRDII ,Y,NA,3.1
92,ROUGHHEAD GRENADIER,MACROURUS BERGLAX,Y,NA,3.2
93,LONGNOSE GRENADIER,CAELORINCHUS CAELORHINCUS CARMINATUS ,Y,NA,3.2
99,GREENLAND HALIBUT,REINHARDTIUS HIPPOGLOSSOIDES,Y,NA,3.2
100,FLOUNDER UNCL,PLEURONECTIFORMES,Y,NA,3.2
101,ATLANTIC HALIBUT,HIPPOGLOSSUS HIPPOGLOSSUS,Y,D,3.2
102,AMERICAN PLAICE,HIPPOGLOSSOIDES PLATESSOIDES,Y,D,3.2
103,SUMMER FLOUNDER,PARALICHTHYS DENTATUS,Y,D,3.2
104,FOURSPOT FLOUNDER,PARALICHTHYS OBLONGUS,Y,D,3.2
105,YELLOWTAIL FLOUNDER,LIMANDA FERRUGINEA ,Y,D,3.2
106,WINTER FLOUNDER,PSEUDOPLEURONECTES AMERICANUS ,Y,D,3.2
107,WITCH FLOUNDER,GLYPTOCEPHALUS CYNOGLOSSUS,Y,D,3.2
108,WINDOWPANE,SCOPHTHALMUS AQUOSUS,Y,D,3.2
109,GULF STREAM FLOUNDER,CITHARICHTHYS ARCTIFRONS,Y,D,3.1
110,DEEPWATER FLOUNDER,MONOLENE SESSILICAUDA,Y,NA,3.2
111,LONGSPINE SNIPEFISH,MACRORHAMPHOSUS SCOLOPAX,Y,NA,3.1
112,BUCKLER DORY,ZENOPSIS CONCHIFERA,Y,NA,3.2
113,ATLANTIC SILVERSIDE,MENIDIA MENIDIA,Y,P,3.1
114,BLACKMOUTH BASS,SYNAGROPS BELLUS,Y,NA,3.2
115,THREESPINE STICKLEBACK,GASTEROSTEUS ACULEATUS,Y,NA,3.2
116,NORTHERN PIPEFISH,SYNGNATHUS FUSCUS,Y,NA,3.1
117,SMALLMOUTH FLOUNDER,ETROPUS MICROSTOMUS,Y,NA,3.1
118,HOGCHOKER,TRINECTES MACULATUS,Y,NA,3.5
120,BLUESPOTTED CORNETFISH,FISTULARIA TABACARIA,Y,NA,3.1
121,ATLANTIC MACKEREL,SCOMBER SCOMBRUS,Y,P,3.4
123,ATLANTIC BONITO,SARDA SARDA,Y,NA,3.5
124,CHUB MACKEREL,SCOMBER JAPONICUS,Y,NA,3.5
126,ATLANTIC CUTLASSFISH,TRICHIURUS LEPTURUS,Y,NA,3.5
127,CONEJO,PROMETHICHTHYS PROMETHEUS,Y,NA,3.1
129,BLUE RUNNER,CARANX CRYSOS,Y,NA,3.2
131,BUTTERFISH,PEPRILUS TRIACANTHUS,Y,P,3.1
132,ATLANTIC MOONFISH,SELENE SETAPINNIS,Y,NA,3.1
133,LOOKDOWN,SELENE VOMER,Y,NA,3.1
134,BIGEYE,PRIACANTHUS ARENATUS,Y,NA,3.1
135,BLUEFISH,POMATOMUS SALTATRIX,Y,P,4.5
136,ATLANTIC CROAKER,MICROPOGONIAS UNDULATUS,Y,D,4.4
137,KEELCHEEK BASS,SYNAGROPS SPINOSUS,Y,NA,3.2
138,CARDINALFISH UNCL,APOGONIDAE,Y,NA,3.2
139,STRIPED BASS,MORONE SAXATILIS,Y,NA,4.5
140,WHITE PERCH,MORONE AMERICANA,Y,NA,4
141,BLACK SEA BASS,CENTROPRISTIS STRIATA,Y,D,4
142,PIGFISH,ORTHOPRISTIS CHRYSOPTERA,Y,NA,3.2
143,SCUP,STENOTOMUS CHRYSOPS,Y,D,3.2
144,NA,EPIGONUS PANDIONIS,Y,NA,3.2
145,WEAKFISH,CYNOSCION REGALIS,Y,P,3.1
146,NORTHERN KINGFISH,MENTICIRRHUS SAXATILIS,Y,NA,3.2
147,BLACK DRUM,POGONIAS CROMIS,Y,NA,3.2
148,SILVER PERCH,BAIRDIELLA CHRYSOURA,Y,NA,3.2
149,SPOT,LEIOSTOMUS XANTHURUS,Y,D,3.2
151,TILEFISH,LOPHOLATILUS CHAMAELEONTICEPS,Y,D,3.2
154,LONGSPINE SCORPIONFISH,PONTINUS LONGISPINIS,Y,NA,3.1
155,ACADIAN REDFISH,SEBASTES FASCIATUS,Y,D,4
156,BLACKBELLY ROSEFISH,HELICOLENUS DACTYLOPTERUS,Y,D,4
158,DEEPBODY BOARFISH,ANTIGONIA CAPROS,Y,NA,3.1
159,HOOKEAR SCULPINS,ARTEDIELLUS ,Y,D,3.2
160,SCULPIN UNCL,COTTIDAE,Y,D,3.2
161,MOUSTACHE SCULPIN,TRIGLOPS MURRAYI,Y,D,3.2
162,SHORTHORN SCULPIN,MYOXOCEPHALUS SCORPIUS,Y,D,3.2
163,LONGHORN SCULPIN,MYOXOCEPHALUS OCTODECEMSPINOSUS,Y,D,3.2
164,SEA RAVEN,HEMITRIPTERUS AMERICANUS,Y,D,3.2
165,ALLIGATORFISH,ASPIDOPHOROIDES MONOPTERYGIUS,Y,NA,3.1
166,GRUBBY,MYOXOCEPHALUS AENAEUS,Y,NA,3.2
167,INQUILINE SNAILFISH,LIPARIS INQUILINUS,Y,NA,3.1
168,LUMPFISH,CYCLOPTERUS LUMPUS,Y,NA,3.2
169,ATLANTIC SPINY LUMPSUCKER,EUMICROTREMUS SPINOSUS,Y,NA,3.2
170,ATLANTIC SEASNAIL,LIPARIS ATLANTICUS,Y,D,3.1
171,NORTHERN SEAROBIN,PRIONOTUS CAROLINUS,Y,D,3.2
172,STRIPED SEAROBIN,PRIONOTUS EVOLANS,Y,D,3.2
173,ARMORED SEAROBIN,PERISTEDION MINIATUM,Y,D,3.2
174,SEAROBIN UNCL,TRIGLIDAE,Y,D,3.2
175,FLYING GURNARD,DACTYLOPTERUS VOLITANS,Y,D,3.2
176,CUNNER,TAUTOGOLABRUS ADSPERSUS,Y,D,3.2
177,TAUTOG,TAUTOGA ONITIS,Y,D,3.2
179,NORTHERN STARGAZER,ASTROSCOPUS GUTTATUS,Y,D,3.2
180,ROCK GUNNEL,PHOLIS GUNNELLUS,Y,D,3.2
181,NORTHERN SAND LANCE,AMMODYTES DUBIUS,Y,D,3.1
182,SNAKEBLENNY,LUMPENUS LUMPRETAEFORMIS,Y,NA,3.2
183,DAUBED SHANNY,LUMPENUS MACULATUS,Y,NA,3.1
184,RADIATED SHANNY,ULVARIA SUBBIFURCATA,Y,NA,3.1
185,OYSTER TOADFISH,OPSANUS TAU,Y,NA,3.2
186,POLKA-DOT CUSK-EEL,OTOPHIDIUM OMOSTIGMUM,Y,NA,3.1
187,RED GOATFISH,MULLUS AURATUS,Y,NA,3.1
188,STRIPED CUSK-EEL,OPHIDION MARGINATUM,Y,D,3.2
190,WOLF EELPOUT,LYCENCHELYS VERRILLI,Y,D,3.5
191,WRYMOUTH,CRYPTACANTHODES MACULATUS,Y,D,3.5
192,ATLANTIC WOLFFISH,ANARHICHAS LUPUS,Y,D,3.5
193,OCEAN POUT,MACROZOARCES AMERICANUS,Y,D,3.4
194,FAWN CUSK-EEL,LEPOPHIDIUM PROFUNDORUM,Y,D,3.1
195,SMOOTH PUFFER,LAGOCEPHALUS LAEVIGATUS,Y,NA,3.1
196,NORTHERN PUFFER,SPHOEROIDES MACULATUS,Y,NA,3.1
197,GOOSEFISH,LOPHIUS AMERICANUS,Y,D,4.45
198,STRIPED BURRFISH,CHILOMYCTERUS SCHOEPFI,Y,NA,3.1
199,ATLANTIC BATFISH,DIBRANCHUS ATLANTICUS,Y,NA,3.2
201,PLANEHEAD FILEFISH,MONACANTHUS HISPIDUS,Y,NA,NA
202,GRAY TRIGGERFISH,BALISTES CAPRISCUS,Y,NA,NA
203,GREATER AMBERJACK,SERIOLA DUMERILI,Y,NA,NA
204,BANDED RUDDERFISH,SERIOLA ZONATA,Y,NA,NA
205,ATLANTIC SAURY,SCOMBERESOX SAURUS,Y,NA,NA
206,LONGNOSE BATFISH,OGCOCEPHALUS CORNIGER,Y,NA,NA
207,BARRELFISH,HYPEROGLYPHE PERCIFORMIS,Y,NA,NA
208,MACKEREL SCAD,DECAPTERUS MACARELLUS,Y,NA,NA
209,BIGEYE SCAD,SELAR CRUMENOPHTHALMUS,Y,NA,NA
211,ROUND SCAD,DECAPTERUS PUNCTATUS,Y,NA,NA
212,ROUGH SCAD,TRACHURUS LATHAMI,Y,NA,NA
213,SILVER RAG,ARIOMMA BONDI,Y,NA,NA
215,HOUNDFISH,TYLOSURUS CROCODILUS,Y,NA,NA
221,STRAIGHTMOUTH TONGUEFISHES,SYMPHURUS ,Y,NA,NA
227,BLACK GEMFISH,NESIARCHUS NASUTUS,Y,NA,NA
228,BOA DRAGONFISH,STOMIAS BOA,Y,NA,NA
229,WEITZMANS PEARLSIDES,MAUROLICUS WEITZMANI ,Y,NA,NA
232,SHORTNOSE GREENEYE,CHLOROPHTHALMUS AGASSIZI,Y,NA,NA
234,,GONOSTOMA ATLANTICUM,Y,NA,NA
235,LONGTOOTH ANGLEMOUTH,GONOSTOMA ELONGATUM,Y,NA,NA
236,,VINCIGUERRIA ,Y,NA,NA
237,,POLYMETME THAEOCORYLA ,Y,NA,NA
239,SIMONYS FROSTFISH,BENTHODESMUS SIMONYI,Y,NA,NA
240,VIPERFISH,CHAULIODUS SLOANI,Y,NA,NA
241,,CHAULIODUS DANAE,Y,NA,NA
242,LONGNOSE GREENEYE,PARASUDIS TRUCULENTA,Y,NA,NA
243,BLUNTNOSE SMOOTHHEAD,XENODERMICHTHYS COPEI,Y,NA,NA
245,,PARALEPIS COREGONOIDES,Y,NA,NA
246,WHITE BARRACUDINA,ARCTOZENUS RISSO ,Y,NA,NA
248,SCALY DRAGONFISH UNCL,STOMIIDAE,Y,NA,NA
249,LUMPFISH SNAILFISH UNCL,CYCLOPTERIDAE,Y,NA,NA
250,SILVER HATCHETFISH,ARGYROPELECUS ACULEATUS,Y,NA,NA
251,SLOPE HATCHETFISH,POLYIPNUS CLARUS ,Y,NA,NA
252,HATCHETFISH UNCL,STERNOPTYCHIDAE,Y,NA,NA
261,BLACKMOUTHED ALFONSIN,HOPLOSTETHUS MEDITERRANEUS,Y,NA,NA
262,ATLANTIC SOFT POUT,MELANOSTIGMA ATLANTICUM,Y,NA,NA
263,BEARDFISH,POLYMIXIA LOWEI,Y,NA,NA
265,OCEAN SUNFISH,MOLA MOLA,Y,NA,NA
266,,HOPLOSTETHUS OCCIDENTALIS,Y,NA,NA
267,EELPOUT UNCL,ZOARCIDAE,Y,NA,NA
268,BIG ROUGHY,GEPHYROBERYX DARWINI,Y,NA,NA
270,COWNOSE RAY,RHINOPTERA BONASUS,Y,NA,NA
280,WESTERN SOFTHEAD GRENADIER,MALACOCEPHALUS OCCIDENTALIS,Y,NA,NA
285,PUNCTATE BLADE SHRIMP,SPIRONTOCARIS PHIPPSII,N,NA,NA
286,PARROT SHRIMP,SPIRONTOCARIS SPINUS,N,NA,NA
287,SEVENSPINE BAY SHRIMP,CRANGON SEPTEMSPINOSA,N,NA,NA
291,ARCTIC EUALID,EUALUS FABRICII,N,NA,NA
292,PINK GLASS SHRIMP,PASIPHAEA MULTIDENTATA,N,NA,NA
293,SPINY LEBBEID,LEBBEUS GROENLANDICUS,N,NA,NA
294,POLAR LEBBEID,LEBBEUS POLARIS,N,NA,NA
295,FRIENDLY BLADE SHRIMP,SPIRONTOCARIS LILJEBORGII,N,NA,NA
296,BRISTLED LONGBEAK,DICHELOPANDALUS LEPTOCERUS,N,NA,NA
297,AESOP SHRIMP,PANDALUS MONTAGUI,N,NA,NA
298,,PANDALUS PROPINQUUS,N,NA,NA
299,NORWEGIAN SHRIMP,PONTOPHILUS NORVEGICUS,N,NA,NA
301,AMERICAN LOBSTER,HOMARUS AMERICANUS,N,NA,NA
302,RIDGED SLIPPER LOBSTER,SCYLLARIDES NODIFER,N,NA,NA
303,SPANISH SLIPPER LOBSTER,SCYLLARIDES AEQUINOCTIALIS,N,NA,NA
305,SHRIMP UNCL,CRUSTACEA SHRIMP,N,NA,NA
306,NORTHERN SHRIMP,PANDALUS BOREALIS,N,NA,NA
307,SHRIMP (PINK -BROWN - WHITE),PENAEUS ,N,NA,NA
308,GOLDEN DEEPSEA CRAB,GERYON FENNERI,N,NA,NA
310,RED DEEPSEA CRAB,GERYON QUINQUEDENS,N,NA,NA
311,CANCER CRAB UNCL,CANCRIDAE,N,NA,NA
312,JONAH CRAB,CANCER BOREALIS,N,NA,NA
313,ATLANTIC ROCK CRAB,CANCER IRRORATUS,N,NA,NA
314,BLUE CRAB,CALLINECTES SAPIDUS,N,NA,NA
315,CALICO CRAB UNCL,OVALIPES ,N,NA,NA
316,BROWN ROCK SHRIMP,SICYONIA BREVIROSTRIS,N,NA,NA
317,SPIDER CRAB UNCL,MAJIDAE,N,NA,NA
318,HORSESHOE CRAB,LIMULUS POLYPHEMUS,N,NA,NA
319,GALATHEID UNCL,GALATHEIDAE,N,NA,NA
320,SWIMMING CRAB UNCL,PORTUNIDAE,N,NA,NA
321,COARSEHAND LADY CRAB,OVALIPES STEPHENSONI,N,NA,NA
322,LADY CRAB,OVALIPES OCELLATUS,N,NA,NA
323,MANTIS SHRIMP UNCL,STOMATOPODA,N,NA,NA
324,NORTHERN STONE CRAB,LITHODES MAJA,N,NA,NA
325,SNOW CRAB,CHIONOECETES OPILIO,N,NA,NA
326,GREEN CRAB,CARCINUS MAENAS,N,NA,NA
327,CALICO BOX CRAB,HEPATUS EPHELITICUS,N,NA,NA
328,FLAME BOX CRAB,CALAPPA FLAMMEA,N,NA,NA
330,SAND DOLLAR UNCL,CLYPEASTEROIDA,N,NA,NA
331,SEA URCHIN AND SAND DOLLAR UNCL,ECHINOIDEA,N,NA,NA
332,SEA STAR - BRITTLE STAR - AND BASKETS,STELLEROIDEA,N,NA,NA
333,BOREAL ASTERIAS,ASTERIAS VULGARIS,N,NA,NA
334,,ASTROPECTEN ,N,NA,NA
335,HERMIT CRAB UNCL,PAGUROIDEA,N,NA,NA
336,CHANNELED WHELK,BUSYCOTYPUS CANALICULATUS,N,NA,NA
337,KNOBBED WHELK,BUSYCON CARICA,N,NA,NA
338,MOON SNAIL SHARK EYE AND BABY-EAR,NATICIDAE,N,NA,NA
339,BOX CRAB UNCL,CALAPPIDAE,N,NA,NA
340,ICELAND SCALLOP,CHLAMYS ISLANDICA,N,NA,NA
341,ICELAND SCALLOP CLAPPER,CHLAMYS ISLANDICA CLAPPER,N,NA,NA
342,NORTHERN HORSEMUSSEL,MODIOLUS MODIOLUS,N,NA,NA
343,BLUE MUSSEL,MYTILUS EDULIS,N,NA,NA
344,WAVED WHELK,BUCCINUM UNDATUM,N,NA,NA
345,TEN-RIDGED WHELK,NEPTUNEA DECEMCOSTATA,N,NA,NA
346,STIMPSON'S WHELK,COLUS STIMPSONI,N,NA,NA
347,,NASSARIUS ,N,NA,NA
348,NORTHERN MOONSNAIL,EUSPIRA HEROS,N,NA,NA
349,SHARK EYE,NEVERITA DUPLICATA,N,NA,NA
352,SHORTFIN MAKO,ISURUS OXYRINCHUS,N,NA,NA
353,PORBEAGLE SHARK,LAMNA NASUS,Y,NA,NA
354,BLACKNOSE SHARK,CARCHARHINUS ACRONOTUS,Y,NA,NA
355,SILKY SHARK,CARCHARHINUS FALCIFORMIS,Y,NA,NA
357,BLACKTIP SHARK,CARCHARHINUS LIMBATUS,Y,NA,NA
360,ATLANTIC SHARPNOSE SHARK,RHIZOPRIONODON TERRAENOVAE,Y,D,NA
362,SCALLOPED HAMMERHEAD SHARK,SPHYRNA LEWINI,Y,NA,NA
364,BONNETHEAD SHARK,SPHYRNA TIBURO,Y,NA,NA
373,ATLANTIC STINGRAY,DASYATIS SABINA,Y,NA,NA
375,SPINY BUTTERFLY RAY,GYMNURA ALTAVELA,Y,NA,NA
376,SMOOTH BUTTERFLY RAY,GYMNURA MICRURA,Y,NA,NA
378,SOUTHERN EAGLE RAY,MYLIOBATIS GOODEI,Y,NA,NA
380,ATLANTIC STURGEON,ACIPENSER OXYRHYNCHUS,Y,NA,NA
381,LADYFISH,ELOPS SAURUS,Y,NA,NA
382,TARPON,MEGALOPS ATLANTICUS,Y,NA,NA
384,AMERICAN EEL,ANGUILLA ROSTRATA,Y,NA,NA
389,BANDTOOTH CONGER,ARIOSOMA BALEARICUM,Y,NA,NA
390,CONGER EEL UNCL,CONGRIDAE,Y,NA,NA
393,SPECKLED WORM EEL,MYROPHIS PUNCTATUS,Y,NA,NA
395,SHRIMP EEL,OPHICHTHUS GOMESI,Y,NA,NA
396,PALESPOTTED EEL,OPHICHTHUS PUNCTICEPS,Y,NA,NA
400,SEA SCALLOP CLAPPER,PLACOPECTEN MAGELLANICUS CLAPPER,N,NA,NA
401,SEA SCALLOP,PLACOPECTEN MAGELLANICUS,N,NA,NA
402,BAY SCALLOP,ARGOPECTEN IRRADIANS,N,NA,NA
403,ATLANTIC SURFCLAM,SPISULA SOLIDISSIMA,N,NA,NA
404,ATLANTIC CALICO SCALLOP,ARGOPECTEN GIBBUS,N,NA,NA
405,DUCK-BILL SHELL UNCL,THRACIA ,N,NA,NA
406,ATLANTIC SURFCLAM CLAPPER,SPISULA SOLIDISSIMA CLAPPER,N,NA,NA
407,ARCTIC SURFCLAM,MACTROMERIS POLYNYMA,N,NA,NA
408,ARCTIC SURFCLAM CLAPPER,MACTROMERIS POLYNYMA CLAPPER,N,NA,NA
409,OCEAN QUAHOG,ARCTICA ISLANDICA,N,NA,NA
410,OCEAN QUAHOG CLAPPER,ARCTICA ISLANDICA CLAPPER,N,NA,NA
411,SOUTHERN QUAHOG,MERCENARIA CAMPECHIENSIS,N,NA,NA
412,SOUTHERN QUAHOG CLAPPER,MERCENARIA CAMPECHIENSIS CLAPPER,N,NA,NA
413,NORTHERN QUAHOG,MERCENARIA MERCENARIA,N,NA,NA
415,FALSE QUAHOG,PITAR MORRHUANUS,N,NA,NA
416,RAZOR AND JACKKNIFE CLAM UNCL,SOLENIDAE,N,NA,NA
419,NORTHERN CYCLOCARDIA,CYCLOCARDIA BOREALIS,N,NA,NA
420,SMOOTH ASTARTE,ASTARTE CASTANEA,N,NA,NA
421,PIPEFISH SEAHORSE UNCL,SYNGNATHIDAE,Y,NA,NA
422,BOARFISH UNCL,CAPROIDAE,Y,NA,NA
425,SNAKE EEL UNCL,OPHICHTHIDAE,Y,NA,NA
426,GIZZARD SHAD,DOROSOMA CEPEDIANUM,Y,NA,NA
428,ATLANTIC THREAD HERRING,OPISTHONEMA OGLINUM,Y,NA,NA
429,SPANISH SARDINE,SARDINELLA AURITA,Y,NA,NA
430,FLAT ANCHOVY,ANCHOVIELLA PERFASCIATA,Y,NA,NA
433,LARGESCALE LIZARDFISH,SAURIDA BRASILIENSIS,Y,NA,NA
434,SHORTJAW LIZARDFISH,SAURIDA NORMANI,Y,NA,NA
435,INSHORE LIZARDFISH,SYNODUS FOETENS,Y,NA,NA
436,SAND DIVER,SYNODUS INTERMEDIUS,Y,NA,NA
437,OFFSHORE LIZARDFISH,SYNODUS POEYI,Y,NA,NA
438,RED LIZARDFISH,SYNODUS SYNODUS,Y,NA,NA
439,SNAKEFISH,TRACHINOCEPHALUS MYOPS,Y,NA,NA
440,LONGNOSE LANCETFISH,ALEPISAURUS FEROX,Y,NA,NA
444,ATLANTIC MIDSHIPMAN,PORICHTHYS PLECTRODON,Y,NA,NA
445,OCELLATED FROGFISH,ANTENNARIUS OCELLATUS,Y,NA,NA
446,SINGLESPOT FROGFISH,ANTENNARIUS RADIOSUS,Y,NA,NA
449,PANCAKE BATFISH,HALIEUTICHTHYS ACULEATUS,Y,NA,NA
450,SHORTNOSE BATFISH,OGCOCEPHALUS NASUTUS,Y,NA,NA
451,ROUGHBACK BATFISH,OGCOCEPHALUS PARVUS,Y,NA,NA
452,BATFISH UNCL,OGCOCEPHALIDAE,Y,NA,NA
453,ATLANTIC TOMCOD,MICROGADUS TOMCOD,Y,NA,NA
454,CAROLINA HAKE,UROPHYCIS EARLLII ,Y,NA,NA
455,SOUTHERN HAKE,UROPHYCIS FLORIDANA,Y,NA,NA
458,BLOTCHED CUSK-EEL,OPHIDION GRAYI,Y,NA,NA
459,BANK CUSK-EEL,OPHIDION HOLBROOKI,Y,NA,NA
460,CRESTED CUSK-EEL,OPHIDION WELSHI,Y,NA,NA
461,CUSK-EEL UNCL,OPHIDIIDAE,Y,NA,NA
462,PEARLFISH,CARAPUS BERMUDENSIS,Y,NA,NA
465,ATLANTIC FLYINGFISH,CYPSELURUS MELANURUS,Y,NA,NA
466,FLYING HALFBEAK,EULEPTORHAMPHUS VELOX,Y,NA,NA
471,ATLANTIC NEEDLEFISH,STRONGYLURA MARINA,Y,NA,NA
483,BIGEYE SOLDIERFISH,OSTICHTHYS TRACHYPOMA,Y,NA,NA
484,CARDINAL SOLDIERFISH,PLECTRYPOPS RETROSPINIS,Y,NA,NA
486,SHORTSPINE BOARFISH,ANTIGONIA COMBATIA,Y,NA,NA
489,RED CORNETFISH,FISTULARIA PETIMBA,Y,NA,NA
490,CORNETFISH UNCL,FISTULARIA ,Y,NA,NA
492,LINED SEAHORSE,HIPPOCAMPUS ERECTUS,Y,NA,NA
493,LONGSNOUT SEAHORSE,HIPPOCAMPUS REIDI,Y,NA,NA
495,CHAIN PIPEFISH,SYNGNATHUS LOUISIANAE,Y,NA,NA
496,BULL PIPEFISH,SYNGNATHUS SPRINGERI,Y,NA,NA
500,YELLOWFIN BASS,ANTHIAS NICHOLSI,Y,NA,NA
501,SQUID CUTTLEFISH AND OCTOPOD UNCL,CEPHALOPODA,N,NA,NA
502,NORTHERN SHORTFIN SQUID,ILLEX ILLECEBROSUS,N,P,NA
503,LONGFIN SQUID,LOLIGO PEALEII,N,P,NA
504,ATLANTIC BRIEF SQUID,LOLLIGUNCULA BREVIS,N,NA,NA
505,ARROW SQUID,LOLIGO PLEI,N,NA,NA
506,BOBTAIL UNCL,SEPIOLIDAE,N,NA,NA
507,LESSER SHINING BOBTAIL,SEMIROSSIA TENERA,N,NA,NA
508,SHIELD BOBTAIL,STOLOTEUTHIS LEUCOPTERA,N,NA,NA
509,RUPPELL'S ABRALIA,ABRALIA VERANYI,N,NA,NA
510,OCTOPUS UNCL,OCTOPODA,N,NA,NA
511,COMMON OCTOPUS,OCTOPUS VULGARIS,N,NA,NA
512,SPOONARM OCTOPUS,BATHYPOLYPUS ARCTICUS,N,NA,NA
514,VERRILL'S BOBTAIL,ROSSIA MEGAPTERA,N,NA,NA
515,OWEN'S BOBTAIL,ROSSIA PALPEBROSA,N,NA,NA
516,BLOTCHED SWIMMING CRAB,PORTUNUS SPINIMANUS,N,NA,NA
517,BATHYAL SWIMMING CRAB,BATHYNECTES LONGISPINA,N,NA,NA
518,SPECKLED SWIMMING CRAB,ARENAEUS CRIBRARIUS,N,NA,NA
520,LONGFIN SQUID EGG MOPS,LOLIGO PEALEII EGG MOPS,N,NA,NA
526,BANK SEA BASS,CENTROPRISTIS OCYURUS,Y,NA,NA
527,ROCK SEA BASS,CENTROPRISTIS PHILADELPHICA,Y,NA,NA
529,DWARF SAND PERCH,DIPLECTRUM BIVITTATUM,Y,NA,NA
530,SAND PERCH,DIPLECTRUM FORMOSUM,Y,NA,NA
531,ROCK HIND,EPINEPHELUS ADSCENSIONIS,Y,NA,NA
536,WARSAW GROUPER,EPINEPHELUS NIGRITUS,Y,NA,NA
537,SNOWY GROUPER,EPINEPHELUS NIVEATUS,Y,NA,NA
538,NASSAU GROUPER,EPINEPHELUS STRIATUS,Y,NA,NA
539,RED BARBIER,HEMANTHIAS VIVANUS,Y,NA,NA
540,BLACK GROUPER,MYCTEROPERCA BONACI,Y,NA,NA
541,GAG,MYCTEROPERCA MICROLEPIS,Y,NA,NA
542,SCAMP,MYCTEROPERCA PHENAX,Y,NA,NA
546,STREAMER BASS,HEMANTHIAS AUREORUBENS,Y,NA,NA
549,BLACKEAR BASS,SERRANUS ATROBRANCHUS,Y,NA,NA
551,SADDLE BASS,SERRANUS NOTOSPILUS,Y,NA,NA
552,TATTLER,SERRANUS PHOEBE,Y,NA,NA
554,SEA BASS UNCL,SERRANIDAE,Y,NA,NA
556,GLASSEYE SNAPPER,PRIACANTHUS CRUENTATUS,Y,NA,NA
557,SHORT BIGEYE,PRISTIGENYS ALTA,Y,NA,NA
563,COBIA,RACHYCENTRON CANADUM,Y,NA,NA
564,SHARKSUCKER,ECHENEIS NAUCRATES,Y,NA,NA
567,REMORA,REMORA REMORA,Y,NA,NA
568,AFRICAN POMPANO,ALECTIS CILIARIS,Y,NA,NA
569,YELLOW JACK,CARANX BARTHOLOMAEI,Y,NA,NA
570,CREVALLE JACK,CARANX HIPPOS,Y,NA,NA
571,HORSE-EYE JACK,CARANX LATUS,Y,NA,NA
573,ATLANTIC BUMPER,CHLOROSCOMBRUS CHRYSURUS,Y,NA,NA
574,RAINBOW RUNNER,ELAGATIS BIPINNULATA,Y,NA,NA
576,PILOTFISH,NAUCRATES DUCTOR,Y,NA,NA
577,LEATHERJACK,OLIGOPLITES SAURUS,Y,NA,NA
578,ALMACO JACK,SERIOLA RIVOLIANA,Y,NA,NA
579,FLORIDA POMPANO,TRACHINOTUS CAROLINUS,Y,NA,NA
580,PERMIT,TRACHINOTUS FALCATUS,Y,NA,NA
582,JACK POMPANO UNCL,CARANGIDAE,Y,NA,NA
583,POMPANO DOLPHIN,CORYPHAENA EQUISELIS ,Y,NA,NA
584,DOLPHIN,CORYPHAENA HIPPURUS,Y,NA,NA
585,ATLANTIC POMFRET,BRAMA BRAMA,Y,NA,NA
589,RED SNAPPER,LUTJANUS CAMPECHANUS,Y,NA,NA
592,LANE SNAPPER,LUTJANUS SYNAGRIS,Y,NA,NA
595,WENCHMAN,PRISTIPOMOIDES AQUILONARIS,Y,NA,NA
596,VERMILION SNAPPER,RHOMBOPLITES AURORUBENS,Y,NA,NA
597,SNAPPER UNCL,LUTJANIDAE,Y,NA,NA
599,SILVER JENNY,EUCINOSTOMUS GULA,Y,NA,NA
600,,SQUALIDAE,Y,NA,NA
601,BROADBAND DOGFISH,ETMOPTERUS GRACILISPINIS,Y,NA,NA
603,PORTUGUESE SHARK,CENTROSCYMNUS COELOLEPIS,Y,NA,NA
604,GLADIATOR BOX CRAB,ACANTHOCARPUS ALEXANDRI,N,NA,NA
616,BULLEYE,COOKEOLUS JAPONICUS,Y,NA,NA
617,SPOTTED TINSELFISH,XENOLEPIDICHTHYS DALGLEISHI,Y,NA,NA
620,BARRACUDAS,SPHYRAENA ,Y,NA,NA
621,BLUELINE TILEFISH,CAULOLATILUS MICROPS,Y,NA,NA
622,GOLDFACE TILEFISH,CAULOLATILUS CHRYSOPS,Y,NA,NA
625,MOJARRA UNCL,GERREIDAE,Y,NA,NA
627,TOMTATE,HAEMULON AUROLINEATUM,Y,NA,NA
631,SHEEPSHEAD,ARCHOSARGUS PROBATOCEPHALUS,Y,NA,NA
634,WHITEBONE PORGY,CALAMUS LEUCOSTEUS,Y,NA,NA
639,SPOTTAIL PINFISH,DIPLODUS HOLBROOKII ,Y,NA,NA
640,PINFISH,LAGODON RHOMBOIDES,Y,NA,NA
641,RED PORGY,PAGRUS SEDECIM,Y,NA,NA
643,PORGY AND PINFISH UNCL,SPARIDAE,Y,NA,NA
645,SPOTTED SEATROUT,CYNOSCION NEBULOSUS,Y,NA,NA
646,SILVER SEATROUT,CYNOSCION NOTHUS,Y,NA,NA
650,CUBBYU,EQUETUS UMBROSUS,Y,NA,NA
651,BANDED DRUM,LARIMUS FASCIATUS,Y,NA,NA
652,SOUTHERN KINGFISH,MENTICIRRHUS AMERICANUS,Y,NA,NA
653,GULF KINGFISH,MENTICIRRHUS LITTORALIS,Y,NA,NA
654,RED DRUM,SCIAENOPS OCELLATUS,Y,NA,NA
655,STAR DRUM,STELLIFER LANCEOLATUS,Y,NA,NA
657,DWARF GOATFISH,UPENEUS PARVUS,Y,NA,NA
659,ATLANTIC SPADEFISH,CHAETODIPTERUS FABER,Y,NA,NA
662,SPOTFIN BUTTERFLYFISH,CHAETODON OCELLATUS,Y,NA,NA
663,REEF BUTTERFLYFISH,CHAETODON SEDENTARIUS,Y,NA,NA
677,SLIPPERY DICK,HALICHOERES BIVITTATUS,Y,NA,NA
682,HOGFISH,LACHNOLAIMUS MAXIMUS,Y,NA,NA
683,WRASSE UNCL,LABRIDAE,Y,NA,NA
689,STRIPED MULLET,MUGIL CEPHALUS,Y,NA,NA
690,WHITE MULLET,MUGIL CUREMA,Y,NA,NA
694,NORTHERN SENNET,SPHYRAENA BOREALIS,Y,NA,NA
695,GUAGUANCHE,SPHYRAENA GUACHANCHO,Y,NA,NA
698,GOBY FLATHEAD,BEMBROPS GOBIOIDES,Y,NA,NA
699,SOUTHERN STARGAZER,ASTROSCOPUS Y-GRAECUM,Y,NA,NA
700,SWORDFISH,XIPHIAS GLADIUS,Y,NA,NA
703,ALBACORE,THUNNUS ALALUNGA,Y,NA,NA
725,FRECKLED STARGAZER,XENOCEPHALUS EGREGIUS ,Y,NA,NA
726,LANCER STARGAZER,KATHETOSTOMA ALBIGUTTA,Y,NA,NA
730,CRESTED BLENNY,HYPLEUROCHILUS GEMINATUS,Y,NA,NA
733,COMBTOOTH BLENNY UNCL,BLENNIIDAE,Y,NA,NA
734,AMERICAN SAND LANCE,AMMODYTES AMERICANUS,Y,NA,NA
735,SPOTFIN DRAGONET,FOETOREPUS AGASSIZI,Y,NA,NA
736,FAT SLEEPER,DORMITATOR MACULATUS,Y,NA,NA
738,NAKED GOBY,GOBIOSOMA BOSC,Y,NA,NA
739,GOBY UNCL,GOBIIDAE,Y,NA,NA
743,LITTLE TUNNY,EUTHYNNUS ALLETTERATUS,Y,NA,NA
744,KING MACKEREL,SCOMBEROMORUS CAVALLA,Y,NA,NA
745,SPANISH MACKEREL,SCOMBEROMORUS MACULATUS,Y,NA,NA
747,BLUEFIN TUNA,THUNNUS THYNNUS,Y,NA,NA
748,SPOTTED DRIFTFISH,ARIOMMA REGULUS,Y,NA,NA
749,HARVESTFISH,PEPRILUS ALEPIDOTUS,Y,NA,NA
750,BUTTERFISH UNCL,STROMATEIDAE,Y,NA,NA
751,SPINYCHEEK SCORPIONFISH,NEOMERINTHE HEMINGWAYI,Y,NA,NA
752,HIGHFIN SCORPIONFISH,PONTINUS RATHBUNI,Y,NA,NA
753,LONGFIN SCORPIONFISH,SCORPAENA AGASSIZI,Y,NA,NA
754,BARBFISH,SCORPAENA BRASILIENSIS,Y,NA,NA
756,HUNCHBACK SCORPIONFISH,SCORPAENA DISPAR,Y,NA,NA
759,SCORPIONFISH AND ROCKFISH UNCL,SCORPAENIDAE,Y,NA,NA
760,SHORTFIN SEAROBIN,BELLATOR BRACHYCHIR,Y,NA,NA
761,STREAMER SEAROBIN,BELLATOR EGRETTA,Y,NA,NA
762,HORNED SEAROBIN,BELLATOR MILITARIS,Y,NA,NA
763,SLENDER SEAROBIN,PERISTEDION GRACILE,Y,NA,NA
764,SPINY SEAROBIN,PRIONOTUS ALATUS,Y,NA,NA
765,BANDTAIL SEAROBIN,PRIONOTUS OPHRYAS,Y,NA,NA
768,BLACKWING SEAROBIN,PRIONOTUS RUBIO,Y,NA,NA
769,LEOPARD SEAROBIN,PRIONOTUS SCITULUS,Y,NA,NA
770,BIGHEAD SEAROBIN,PRIONOTUS TRIBULUS,Y,NA,NA
773,RIGHTEYE FLOUNDER UNCL,PLEURONECTIDAE,Y,NA,NA
774,THREE-EYE FLOUNDER,ANCYLOPSETTA DILECTA,Y,NA,NA
775,OCELLATED FLOUNDER,ANCYLOPSETTA QUADROCELLATA,Y,NA,NA
780,HORNED WHIFF,CITHARICHTHYS CORNUTUS,Y,NA,NA
781,SPOTTED WHIFF,CITHARICHTHYS MACROPS,Y,NA,NA
782,BAY WHIFF,CITHARICHTHYS SPILOPTERUS,Y,NA,NA
783,SPOTFIN FLOUNDER,CYCLOPSETTA FIMBRIATA,Y,NA,NA
785,FRINGED FLOUNDER,ETROPUS CROSSOTUS,Y,NA,NA
786,GRAY FLOUNDER,ETROPUS RIMOSUS,Y,NA,NA
788,GULF FLOUNDER,PARALICHTHYS ALBIGUTTA,Y,NA,NA
789,SOUTHERN FLOUNDER,PARALICHTHYS LETHOSTIGMA,Y,NA,NA
790,BROAD FLOUNDER,PARALICHTHYS SQUAMILENTUS,Y,NA,NA
793,DUSKY FLOUNDER,SYACIUM PAPILLOSUM,Y,NA,NA
794,ETROPUS UNCL,ETROPUS ,Y,NA,NA
795,LEFTEYE FLOUNDER UNCL,BOTHIDAE,Y,NA,NA
796,NAKED SOLE,GYMNACHIRUS MELAS,Y,NA,NA
797,OFFSHORE TONGUEFISH,SYMPHURUS CIVITATUS,Y,NA,NA
798,SPOTTEDFIN TONGUEFISH,SYMPHURUS DIOMEDIANUS,Y,NA,NA
820,TRIGGERFISH FILEFISH UNCL,BALISTIDAE,Y,NA,NA
822,SNAKE MACKEREL UNCL,TRICHIURIDAE,Y,NA,NA
825,BLACKCHEEK TONGUEFISH,SYMPHURUS PLAGIUSA,Y,NA,NA
826,NORTHERN TONGUEFISH,SYMPHURUS PUSILLUS,Y,NA,NA
827,SPOTTAIL TONGUEFISH,SYMPHURUS UROSPILUS,Y,NA,NA
830,DOTTEREL FILEFISH,ALUTERUS HEUDELOTI,Y,NA,NA
831,UNICORN FILEFISH,ALUTERUS MONOCEROS,Y,NA,NA
832,ORANGE FILEFISH,ALUTERUS SCHOEPFI,Y,NA,NA
833,SCRAWLED FILEFISH,ALUTERUS SCRIPTUS,Y,NA,NA
834,QUEEN TRIGGERFISH,BALISTES VETULA,Y,NA,NA
835,OCEAN TRIGGERFISH,CANTHIDERMIS SUFFLAMEN,Y,NA,NA
836,FRINGED FILEFISH,MONACANTHUS CILIATUS,Y,NA,NA
840,TRUNKFISH,LACTOPHRYS TRIGONUS,Y,NA,NA
842,SHARPNOSE PUFFER,CANTHIGASTER ROSTRATA,Y,NA,NA
843,MARBLED PUFFER,SPHOEROIDES DORSALIS,Y,NA,NA
844,SOUTHERN PUFFER,SPHOEROIDES NEPHELUS,Y,NA,NA
845,BANDTAIL PUFFER,SPHOEROIDES SPENGLERI,Y,NA,NA
848,SPOTTED BURRFISH,CHILOMYCTERUS ATINGA,Y,NA,NA
851,ANCHOVY UNCL,ENGRAULIDAE,Y,NA,NA
852,LIZARDFISH UNCL,SYNODONTIDAE,Y,NA,NA
856,STRIATED ARGENTINE,ARGENTINA STRIATA,Y,NA,NA
857,STARGAZER UNCL,URANOSCOPIDAE,Y,NA,NA
858,DRUM UNCL,SCIAENIDAE,Y,NA,NA
860,MACKEREL AND TUNA UNCL,SCOMBRIDAE,Y,NA,NA
861,PUFFER UNCL,TETRAODONTIDAE,Y,NA,NA
862,REDEYE GAPER,CHAUNAX STIGMAEUS,Y,NA,NA
863,MISTY GROUPER,EPINEPHELUS MYSTACINUS,Y,NA,NA
865,SILVER ANCHOVY,ENGRAULIS EURYSTOLE,Y,NA,NA
866,SANDDABS,CITHARICHTHYS ,Y,NA,NA
867,,LAEMONEMA BARBATULUM,Y,NA,NA
869,MOONEYE CUSK-EEL,OPHIDION SELENOPS,Y,NA,NA
871,SHORTWING SEAROBIN,PRIONOTUS STEARNSI,Y,NA,NA
872,SPOTFIN MOJARRA,EUCINOSTOMUS ARGENTEUS,Y,NA,NA
873,TWOSPOT FLOUNDER,BOTHUS ROBINSI,Y,NA,NA
874,SNAKE MACKEREL,GEMPYLUS SERPENS,Y,NA,NA
876,BIGEYE CIGARFISH,CUBICEPS PAUCIRADIATUS,Y,NA,NA
877,LESSER AMBERJACK,SERIOLA FASCIATA,Y,NA,NA
878,STRIPED GRUNT,HAEMULON STRIATUM,Y,NA,NA
880,BLUNTHEAD PUFFER,SPHOEROIDES PACHYGASTER,Y,NA,NA
882,ANGLEFIN WHIFF,CITHARICHTHYS GYMNORHINUS,Y,NA,NA
887,LIGHTFISH UNCL,GONOSTOMATIDAE,Y,NA,NA
889,CUBAN ANCHOVY,ANCHOA CUBANA,Y,NA,NA
891,BROWN DRIFTFISH,ARIOMMA MELANUM,Y,NA,NA
896,BARRACUDINAS,PARALEPIDIDAE ,Y,NA,NA
897,BLACKFIN GOOSEFISH,LOPHIUS GASTROPHYSUS,Y,NA,NA
898,COTTONMOUTH JACK,URASPIS SECUNDA,Y,NA,NA
899,RED DORY,CYTTOPSIS ROSEA,Y,NA,NA
900,LOPHIIFORM UNCL,LOPHIIFORMES,Y,NA,NA
910,ROYAL RED SHRIMP,PLEOTICUS ROBUSTUS,N,NA,NA
912,,CALOCARIS TEMPLEMANI,N,NA,NA
913,BROWN SHRIMP,PENAEUS AZTECUS,N,NA,NA
914,PINK SHRIMP,PENAEUS DUORARUM,N,NA,NA
915,WHITE SHRIMP,PENAEUS SETIFERUS,N,NA,NA
925,THRESHER SHARK,ALOPIAS VULPINUS,Y,NA,NA
934,NIGHT SHARK,CARCHARHINUS SIGNATUS,Y,NA,NA
938,STRIPED BONITO,SARDA ORIENTALIS,Y,NA,NA
950,LOGGERHEAD SEATURTLE,CARETTA CARETTA,N,NA,NA
952,LEATHERBACK SEATURTLE,DERMOCHELYS CORIACEA,N,NA,NA
998,TRASH,TRASH SPECIES IN CATCH,N,NA,NA
